{
"__comment": "3D Mesh designed with BDcraft Cubik - Version PRO 0.6 Beta",
"elements": [ 
{
    "type": "cube",
    "from": [ 0, 11, 0 ],
    "to": [ 16, 13, 16 ],
    "__comment": "Rope",
    "faceData": {
        "down": {
            "uv": [ 0, 0, 16, 16 ],
            "textureFacing": "down",
            "cull": false
        },
        "up": {
            "uv": [ 0, 0, 16, 16 ],
            "textureFacing": "up",
            "cull": false
        },
        "north": {
            "uv": [ 16, 3, 0, 5 ],
            "textureFacing": "north",
            "cull": false
        },
        "south": {
            "uv": [ 0, 3, 16, 5 ],
            "textureFacing": "south",
            "cull": false
        },
        "west": {
            "uv": [ 0, 3, 16, 5 ],
            "textureFacing": "west",
            "cull": false
        },
        "east": {
            "uv": [ 16, 3, 0, 5 ],
            "textureFacing": "east",
            "cull": false
        }
    }
},
{
    "type": "cube",
    "from": [ 0, 3, 0 ],
    "to": [ 16, 5, 16 ],
    "__comment": "Rope",
    "faceData": {
        "down": {
            "uv": [ 0, 0, 16, 16 ],
            "textureFacing": "down",
            "cull": false
        },
        "up": {
            "uv": [ 0, 0, 16, 16 ],
            "textureFacing": "up",
            "cull": false
        },
        "north": {
            "uv": [ 16, 11, 0, 13 ],
            "textureFacing": "north",
            "cull": false
        },
        "south": {
            "uv": [ 0, 11, 16, 13 ],
            "textureFacing": "south",
            "cull": false
        },
        "west": {
            "uv": [ 0, 11, 16, 13 ],
            "textureFacing": "west",
            "cull": false
        },
        "east": {
            "uv": [ 16, 11, 0, 13 ],
            "textureFacing": "east",
            "cull": false
        }
    }
},
{
    "type": "cube",
    "from": [ -0.5, 13, -0.5 ],
    "to": [ 16.5, 16, 16.5 ],
    "__comment": "Hay",
    "faceData": {
        "down": {
            "uv": [ 0, 0, 16, 16 ],
            "textureFacing": "down",
            "cull": false
        },
        "up": {
            "uv": [ 0, 0, 16, 16 ],
            "textureFacing": "up",
            "cull": false
        },
        "north": {
            "uv": [ 16, 0, 0, 3 ],
            "textureFacing": "north",
            "cull": false
        },
        "south": {
            "uv": [ 0, 0, 16, 3 ],
            "textureFacing": "south",
            "cull": false
        },
        "west": {
            "uv": [ 0, 0, 16, 3 ],
            "textureFacing": "west",
            "cull": false
        },
        "east": {
            "uv": [ 16, 0, 0, 3 ],
            "textureFacing": "east",
            "cull": false
        }
    }
},
{
    "type": "cube",
    "from": [ -0.5, 5, -0.5 ],
    "to": [ 16.5, 11, 16.5 ],
    "__comment": "Hay",
    "faceData": {
        "down": {
            "uv": [ 0, 0, 16, 16 ],
            "textureFacing": "down",
            "cull": false
        },
        "up": {
            "uv": [ 0, 0, 16, 16 ],
            "textureFacing": "up",
            "cull": false
        },
        "north": {
            "uv": [ 16, 5, 0, 11 ],
            "textureFacing": "north",
            "cull": false
        },
        "south": {
            "uv": [ 0, 5, 16, 11 ],
            "textureFacing": "south",
            "cull": false
        },
        "west": {
            "uv": [ 0, 5, 16, 11 ],
            "textureFacing": "west",
            "cull": false
        },
        "east": {
            "uv": [ 16, 5, 0, 11 ],
            "textureFacing": "east",
            "cull": false
        }
    }
},
{
    "type": "cube",
    "from": [ -0.5, 0, -0.5 ],
    "to": [ 16.5, 3, 16.5 ],
    "__comment": "Hay",
    "faceData": {
        "down": {
            "uv": [ 0, 0, 16, 16 ],
            "textureFacing": "down",
            "cull": false
        },
        "up": {
            "uv": [ 0, 0, 16, 16 ],
            "textureFacing": "up",
            "cull": false
        },
        "north": {
            "uv": [ 16, 13, 0, 16 ],
            "textureFacing": "north",
            "cull": false
        },
        "south": {
            "uv": [ 0, 13, 16, 16 ],
            "textureFacing": "south",
            "cull": false
        },
        "west": {
            "uv": [ 0, 13, 16, 16 ],
            "textureFacing": "west",
            "cull": false
        },
        "east": {
            "uv": [ 16, 13, 0, 16 ],
            "textureFacing": "east",
            "cull": false
        }
    }
}
]
}