{
"__comment": "3D Mesh designed with BDcraft Cubik - Version PRO 0.4.1 Beta",
"useAmbientOcclusion": false,
"inventoryRender3D": false,
"elements": [ 
{
    "type": "cube",
    "from": [ 2, 0, 15 ],
    "to": [ 4, 16, 16 ],
    "faceData": {
        "down": {
            "uv": [ 6, 12, 8, 13 ],
            "textureFacing": "down",
            "cull": false
        },
        "up": {
            "uv": [ 4, 13, 6, 14 ],
            "textureFacing": "up",
            "cull": false
        },
        "north": {
            "uv": [ 2, 0, 4, 16 ],
            "textureFacing": "north",
            "cull": false
        },
        "south": {
            "uv": [ 2, 0, 4, 16 ],
            "textureFacing": "south",
            "cull": false
        },
        "west": {
            "uv": [ 2, 0, 3, 16 ],
            "textureFacing": "down",
            "cull": false
        },
        "east": {
            "uv": [ 3, 0, 4, 16 ],
            "textureFacing": "east",
            "cull": false
        }
    }
},
{
    "type": "cube",
    "from": [ 12, 0, 15 ],
    "to": [ 14, 16, 16 ],
    "faceData": {
        "down": {
            "uv": [ 7, 12, 9, 13 ],
            "textureFacing": "down",
            "cull": false
        },
        "up": {
            "uv": [ 10, 13, 12, 14 ],
            "textureFacing": "up",
            "cull": false
        },
        "north": {
            "uv": [ 12, 0, 14, 16 ],
            "textureFacing": "north",
            "cull": false
        },
        "south": {
            "uv": [ 12, 0, 14, 16 ],
            "textureFacing": "south",
            "cull": false
        },
        "west": {
            "uv": [ 13, 0, 14, 16 ],
            "textureFacing": "down",
            "cull": false
        },
        "east": {
            "uv": [ 12, 0, 13, 16 ],
            "textureFacing": "east",
            "cull": false
        }
    }
},
{
    "type": "cube",
    "from": [ 1, 12, 14.5 ],
    "to": [ 15, 14, 15.5 ],
    "faceData": {
        "down": {
            "uv": [ 1, 2, 15, 3 ],
            "textureFacing": "down",
            "cull": false
        },
        "up": {
            "uv": [ 1, 3, 15, 4 ],
            "textureFacing": "up",
            "cull": false
        },
        "north": {
            "uv": [ 1, 2, 15, 4 ],
            "textureFacing": "north",
            "cull": false
        },
        "south": {
            "uv": [ 1, 2, 15, 4 ],
            "textureFacing": "south",
            "cull": false
        },
        "west": {
            "uv": [ 1, 2, 2, 4 ],
            "textureFacing": "down",
            "cull": false
        },
        "east": {
            "uv": [ 14, 2, 15, 4 ],
            "textureFacing": "east",
            "cull": false
        }
    }
},
{
    "type": "cube",
    "from": [ 1, 7, 14.5 ],
    "to": [ 15, 9, 15.5 ],
    "faceData": {
        "down": {
            "uv": [ 1, 8, 15, 9 ],
            "textureFacing": "down",
            "cull": false
        },
        "up": {
            "uv": [ 1, 7, 15, 8 ],
            "textureFacing": "up",
            "cull": false
        },
        "north": {
            "uv": [ 1, 7, 15, 9 ],
            "textureFacing": "north",
            "cull": false
        },
        "south": {
            "uv": [ 1, 7, 15, 9 ],
            "textureFacing": "south",
            "cull": false
        },
        "west": {
            "uv": [ 1, 7, 2, 9 ],
            "textureFacing": "down",
            "cull": false
        },
        "east": {
            "uv": [ 14, 7, 15, 9 ],
            "textureFacing": "east",
            "cull": false
        }
    }
},
{
    "type": "cube",
    "from": [ 1, 2, 14.5 ],
    "to": [ 15, 4, 15.5 ],
    "faceData": {
        "down": {
            "uv": [ 1, 13, 15, 14 ],
            "textureFacing": "down",
            "cull": false
        },
        "up": {
            "uv": [ 1, 12, 15, 13 ],
            "textureFacing": "up",
            "cull": false
        },
        "north": {
            "uv": [ 1, 12, 15, 14 ],
            "textureFacing": "north",
            "cull": false
        },
        "south": {
            "uv": [ 1, 12, 15, 14 ],
            "textureFacing": "south",
            "cull": false
        },
        "west": {
            "uv": [ 1, 12, 2, 14 ],
            "textureFacing": "down",
            "cull": false
        },
        "east": {
            "uv": [ 14, 12, 15, 14 ],
            "textureFacing": "east",
            "cull": false
        }
    }
}
]
}