{
"__comment": "3D Mesh designed with BDcraft Cubik - Version PRO 0.6 Beta",
"elements": [ 
{
    "type": "cube",
    "from": [ 11.5, 8.5, 14.5 ],
    "to": [ 12.5, 10.5, 15.5 ],
    "faceData": {
        "down": {
            "uv": [ 11, 10, 12, 11 ],
            "textureFacing": "down",
            "cull": false
        },
        "up": {
            "uv": [ 11, 10, 12, 11 ],
            "textureFacing": "up",
            "cull": false
        },
        "north": {
            "uv": [ 10, 3, 9, 5 ],
            "textureFacing": "north",
            "cull": false
        },
        "south": {
            "uv": [ 9, 3, 10, 5 ],
            "textureFacing": "south",
            "cull": false
        },
        "west": {
            "uv": [ 9, 3, 10, 5 ],
            "textureFacing": "west",
            "cull": false
        },
        "east": {
            "uv": [ 10, 3, 9, 5 ],
            "textureFacing": "east",
            "cull": false
        }
    }
},
{
    "type": "cube",
    "from": [ 1.5, 11, 13 ],
    "to": [ 2.5, 13, 14 ],
    "faceData": {
        "down": {
            "uv": [ 1, 9, 2, 10 ],
            "textureFacing": "down",
            "cull": false
        },
        "up": {
            "uv": [ 1, 8, 2, 9 ],
            "textureFacing": "up",
            "cull": false
        },
        "north": {
            "uv": [ 2, 8, 1, 10 ],
            "textureFacing": "north",
            "cull": false
        },
        "south": {
            "uv": [ 4, 2, 5, 4 ],
            "textureFacing": "south",
            "cull": false
        },
        "west": {
            "uv": [ 9, 3, 10, 5 ],
            "textureFacing": "west",
            "cull": false
        },
        "east": {
            "uv": [ 10, 3, 9, 5 ],
            "textureFacing": "east",
            "cull": false
        }
    }
},
{
    "type": "cube",
    "from": [ 8, 6, 9 ],
    "to": [ 9, 7.5, 10 ],
    "faceData": {
        "down": {
            "uv": [ 9, 4, 10, 5 ],
            "textureFacing": "down",
            "cull": false
        },
        "up": {
            "uv": [ 9, 3, 10, 4 ],
            "textureFacing": "up",
            "cull": false
        },
        "north": {
            "uv": [ 10, 3, 9, 4.5 ],
            "textureFacing": "north",
            "cull": false
        },
        "south": {
            "uv": [ 9, 3, 10, 4.5 ],
            "textureFacing": "south",
            "cull": false
        },
        "west": {
            "uv": [ 9, 3, 10, 4.5 ],
            "textureFacing": "west",
            "cull": false
        },
        "east": {
            "uv": [ 10, 3, 9, 4.5 ],
            "textureFacing": "east",
            "cull": false
        }
    }
},
{
    "type": "cube",
    "from": [ 9.5, 1, 6 ],
    "to": [ 10.5, 3, 7 ],
    "faceData": {
        "down": {
            "uv": [ 9, 4, 10, 5 ],
            "textureFacing": "down",
            "cull": false
        },
        "up": {
            "uv": [ 9, 3, 10, 4 ],
            "textureFacing": "up",
            "cull": false
        },
        "north": {
            "uv": [ 10, 3, 9, 5 ],
            "textureFacing": "north",
            "cull": false
        },
        "south": {
            "uv": [ 9, 3, 10, 5 ],
            "textureFacing": "south",
            "cull": false
        },
        "west": {
            "uv": [ 9, 3, 10, 5 ],
            "textureFacing": "west",
            "cull": false
        },
        "east": {
            "uv": [ 10, 3, 9, 5 ],
            "textureFacing": "east",
            "cull": false
        }
    }
},
{
    "type": "cube",
    "from": [ 11, 9, 7.5 ],
    "to": [ 12, 11, 8.5 ],
    "faceData": {
        "down": {
            "uv": [ 9, 3, 10, 4 ],
            "textureFacing": "down",
            "cull": false
        },
        "up": {
            "uv": [ 9, 3, 10, 4 ],
            "textureFacing": "up",
            "cull": false
        },
        "north": {
            "uv": [ 10, 3, 9, 5 ],
            "textureFacing": "north",
            "cull": false
        },
        "south": {
            "uv": [ 9, 3, 10, 5 ],
            "textureFacing": "south",
            "cull": false
        },
        "west": {
            "uv": [ 9, 3, 10, 5 ],
            "textureFacing": "west",
            "cull": false
        },
        "east": {
            "uv": [ 10, 3, 9, 5 ],
            "textureFacing": "east",
            "cull": false
        }
    }
},
{
    "type": "cube",
    "from": [ 9, 12.5, 3.5 ],
    "to": [ 10, 14.5, 4.5 ],
    "faceData": {
        "down": {
            "uv": [ 7.5, 4.5, 8.5, 5.5 ],
            "textureFacing": "down",
            "cull": false
        },
        "up": {
            "uv": [ 9, 3, 10, 4 ],
            "textureFacing": "up",
            "cull": false
        },
        "north": {
            "uv": [ 10, 3, 9, 5 ],
            "textureFacing": "north",
            "cull": false
        },
        "south": {
            "uv": [ 9, 3, 10, 5 ],
            "textureFacing": "south",
            "cull": false
        },
        "west": {
            "uv": [ 4, 2, 5, 4 ],
            "textureFacing": "west",
            "cull": false
        },
        "east": {
            "uv": [ 5, 2, 4, 4 ],
            "textureFacing": "east",
            "cull": false
        }
    }
},
{
    "type": "cube",
    "from": [ 7, -1.5, 2.5 ],
    "to": [ 9, 14.5, 4.5 ],
    "faceData": {
        "down": {
            "uv": [ 7, 10, 9, 12 ],
            "textureFacing": "down",
            "cull": false
        },
        "up": {
            "uv": [ 7, 4, 9, 6 ],
            "textureFacing": "up",
            "cull": false
        },
        "north": {
            "uv": [ 4, 0, 2, 16 ],
            "textureFacing": "north",
            "cull": false
        },
        "south": {
            "uv": [ 2, 0, 4, 16 ],
            "textureFacing": "south",
            "cull": false
        },
        "west": {
            "uv": [ 2, 0, 4, 16 ],
            "textureFacing": "west",
            "cull": false
        },
        "east": {
            "uv": [ 4, 0, 2, 16 ],
            "textureFacing": "east",
            "cull": false
        }
    }
},
{
    "type": "cube",
    "from": [ 11, -1.5, 12.5 ],
    "to": [ 13, 14.5, 14.5 ],
    "faceData": {
        "down": {
            "uv": [ 2, 8, 4, 10 ],
            "textureFacing": "down",
            "cull": false
        },
        "up": {
            "uv": [ 2, 8, 4, 10 ],
            "textureFacing": "up",
            "cull": false
        },
        "north": {
            "uv": [ 9, 0, 7, 16 ],
            "textureFacing": "north",
            "cull": false
        },
        "south": {
            "uv": [ 7, 0, 9, 16 ],
            "textureFacing": "south",
            "cull": false
        },
        "west": {
            "uv": [ 7, 0, 9, 16 ],
            "textureFacing": "west",
            "cull": false
        },
        "east": {
            "uv": [ 9, 0, 7, 16 ],
            "textureFacing": "east",
            "cull": false
        }
    }
},
{
    "type": "cube",
    "from": [ 6, -4.5, 8.5 ],
    "to": [ 8, 11.5, 10.5 ],
    "faceData": {
        "down": {
            "uv": [ 7, 10, 9, 12 ],
            "textureFacing": "down",
            "cull": false
        },
        "up": {
            "uv": [ 7, 10, 9, 12 ],
            "textureFacing": "up",
            "cull": false
        },
        "north": {
            "uv": [ 9, 0, 7, 16 ],
            "textureFacing": "north",
            "cull": false
        },
        "south": {
            "uv": [ 7, 0, 9, 16 ],
            "textureFacing": "south",
            "cull": false
        },
        "west": {
            "uv": [ 7, 0, 9, 16 ],
            "textureFacing": "west",
            "cull": false
        },
        "east": {
            "uv": [ 9, 0, 7, 16 ],
            "textureFacing": "east",
            "cull": false
        }
    }
},
{
    "type": "cube",
    "from": [ 2.5, -2.5, 12.5 ],
    "to": [ 4.5, 13.5, 14.5 ],
    "faceData": {
        "down": {
            "uv": [ 2, 8, 4, 10 ],
            "textureFacing": "down",
            "cull": false
        },
        "up": {
            "uv": [ 2, 8, 4, 10 ],
            "textureFacing": "up",
            "cull": false
        },
        "north": {
            "uv": [ 4, 0, 2, 16 ],
            "textureFacing": "north",
            "cull": false
        },
        "south": {
            "uv": [ 2, 0, 4, 16 ],
            "textureFacing": "south",
            "cull": false
        },
        "west": {
            "uv": [ 2, 0, 4, 16 ],
            "textureFacing": "west",
            "cull": false
        },
        "east": {
            "uv": [ 4, 0, 2, 16 ],
            "textureFacing": "east",
            "cull": false
        }
    }
},
{
    "type": "cube",
    "from": [ 10.5, 0, 5.5 ],
    "to": [ 12.5, 16, 7.5 ],
    "faceData": {
        "down": {
            "uv": [ 12, 5, 14, 7 ],
            "textureFacing": "down",
            "cull": false
        },
        "up": {
            "uv": [ 12, 5, 14, 7 ],
            "textureFacing": "up",
            "cull": false
        },
        "north": {
            "uv": [ 14, 0, 12, 16 ],
            "textureFacing": "north",
            "cull": false
        },
        "south": {
            "uv": [ 12, 0, 14, 16 ],
            "textureFacing": "south",
            "cull": false
        },
        "west": {
            "uv": [ 12, 0, 14, 16 ],
            "textureFacing": "west",
            "cull": false
        },
        "east": {
            "uv": [ 14, 0, 12, 16 ],
            "textureFacing": "east",
            "cull": false
        }
    }
},
{
    "type": "cube",
    "from": [ 11.5, 8, 2 ],
    "to": [ 12.5, 10, 3 ],
    "faceData": {
        "down": {
            "uv": [ 9, 3, 10, 4 ],
            "textureFacing": "down",
            "cull": false
        },
        "up": {
            "uv": [ 9, 3, 10, 4 ],
            "textureFacing": "up",
            "cull": false
        },
        "north": {
            "uv": [ 2, 8, 1, 10 ],
            "textureFacing": "north",
            "cull": false
        },
        "south": {
            "uv": [ 11, 10, 12, 12 ],
            "textureFacing": "south",
            "cull": false
        },
        "west": {
            "uv": [ 4, 2, 5, 4 ],
            "textureFacing": "west",
            "cull": false
        },
        "east": {
            "uv": [ 10, 3, 9, 5 ],
            "textureFacing": "east",
            "cull": false
        }
    }
},
{
    "type": "cube",
    "from": [ 2.5, 12, 5 ],
    "to": [ 3.5, 14, 6 ],
    "faceData": {
        "down": {
            "uv": [ 4, 3, 5, 4 ],
            "textureFacing": "down",
            "cull": false
        },
        "up": {
            "uv": [ 4, 2, 5, 3 ],
            "textureFacing": "up",
            "cull": false
        },
        "north": {
            "uv": [ 5, 2, 4, 4 ],
            "textureFacing": "north",
            "cull": false
        },
        "south": {
            "uv": [ 4, 2, 5, 4 ],
            "textureFacing": "south",
            "cull": false
        },
        "west": {
            "uv": [ 4, 2, 5, 4 ],
            "textureFacing": "west",
            "cull": false
        },
        "east": {
            "uv": [ 5, 2, 4, 4 ],
            "textureFacing": "east",
            "cull": false
        }
    }
},
{
    "type": "cube",
    "from": [ 12.5, -1, 1.5 ],
    "to": [ 14.5, 15, 3.5 ],
    "faceData": {
        "down": {
            "uv": [ 12, 13, 14, 15 ],
            "textureFacing": "down",
            "cull": false
        },
        "up": {
            "uv": [ 12, 13, 14, 15 ],
            "textureFacing": "up",
            "cull": false
        },
        "north": {
            "uv": [ 14, 0, 12, 16 ],
            "textureFacing": "north",
            "cull": false
        },
        "south": {
            "uv": [ 12, 0, 14, 16 ],
            "textureFacing": "south",
            "cull": false
        },
        "west": {
            "uv": [ 12, 0, 14, 16 ],
            "textureFacing": "west",
            "cull": false
        },
        "east": {
            "uv": [ 14, 0, 12, 16 ],
            "textureFacing": "east",
            "cull": false
        }
    }
},
{
    "type": "cube",
    "from": [ 2.5, 4, 2.5 ],
    "to": [ 3.5, 6, 3.5 ],
    "faceData": {
        "down": {
            "uv": [ 1, 9, 2, 10 ],
            "textureFacing": "down",
            "cull": false
        },
        "up": {
            "uv": [ 1, 8, 2, 9 ],
            "textureFacing": "up",
            "cull": false
        },
        "north": {
            "uv": [ 2, 8, 1, 10 ],
            "textureFacing": "north",
            "cull": false
        },
        "south": {
            "uv": [ 1, 8, 2, 10 ],
            "textureFacing": "south",
            "cull": false
        },
        "west": {
            "uv": [ 1, 8, 2, 10 ],
            "textureFacing": "west",
            "cull": false
        },
        "east": {
            "uv": [ 2, 8, 1, 10 ],
            "textureFacing": "east",
            "cull": false
        }
    }
},
{
    "type": "cube",
    "from": [ 2, -2, 3 ],
    "to": [ 4, 14, 5 ],
    "faceData": {
        "down": {
            "uv": [ 2, 0, 4, 2 ],
            "textureFacing": "down",
            "cull": false
        },
        "up": {
            "uv": [ 2, 0, 4, 2 ],
            "textureFacing": "up",
            "cull": false
        },
        "north": {
            "uv": [ 4, 0, 2, 16 ],
            "textureFacing": "north",
            "cull": false
        },
        "south": {
            "uv": [ 2, 0, 4, 16 ],
            "textureFacing": "south",
            "cull": false
        },
        "west": {
            "uv": [ 2, 0, 4, 16 ],
            "textureFacing": "west",
            "cull": false
        },
        "east": {
            "uv": [ 4, 0, 2, 16 ],
            "textureFacing": "east",
            "cull": false
        }
    }
}
]
}